NIM,Nama_Mahasiswa,Program_Studi,Mata_Kuliah,Kehadiran(%),Tugas,UTS,UAS
SO20260001,Mahasiswa_1,Teknik Informatika,Sistem Operasi,71,61,56,61
SO20260002,Mahasiswa_2,Teknik Informatika,Sistem Operasi,72,62,57,62
SO20260003,Mahasiswa_3,Teknik Informatika,Sistem Operasi,73,63,58,63
SO20260004,Mahasiswa_4,Teknik Informatika,Sistem Operasi,74,64,59,64
SO20260005,Mahasiswa_5,Teknik Informatika,Sistem Operasi,75,65,60,65
SO20260006,Mahasiswa_6,Teknik Informatika,Sistem Operasi,76,66,61,66
SO20260007,Mahasiswa_7,Teknik Informatika,Sistem Operasi,77,67,62,67
SO20260008,Mahasiswa_8,Teknik Informatika,Sistem Operasi,78,68,63,68
SO20260009,Mahasiswa_9,Teknik Informatika,Sistem Operasi,79,69,64,69
SO20260010,Mahasiswa_10,Teknik Informatika,Sistem Operasi,80,70,65,70
SO20260011,Mahasiswa_11,Teknik Informatika,Sistem Operasi,81,71,66,71
SO20260012,Mahasiswa_12,Teknik Informatika,Sistem Operasi,82,72,67,72
SO20260013,Mahasiswa_13,Teknik Informatika,Sistem Operasi,83,73,68,73
SO20260014,Mahasiswa_14,Teknik Informatika,Sistem Operasi,84,74,69,74
SO20260015,Mahasiswa_15,Teknik Informatika,Sistem Operasi,85,75,70,75
SO20260016,Mahasiswa_16,Teknik Informatika,Sistem Operasi,86,76,71,76
SO20260017,Mahasiswa_17,Teknik Informatika,Sistem Operasi,87,77,72,77
SO20260018,Mahasiswa_18,Teknik Informatika,Sistem Operasi,88,78,73,78
SO20260019,Mahasiswa_19,Teknik Informatika,Sistem Operasi,89,79,74,79
SO20260020,Mahasiswa_20,Teknik Informatika,Sistem Operasi,90,80,75,80
SO20260021,Mahasiswa_21,Teknik Informatika,Sistem Operasi,91,81,76,81
SO20260022,Mahasiswa_22,Teknik Informatika,Sistem Operasi,92,82,77,82
SO20260023,Mahasiswa_23,Teknik Informatika,Sistem Operasi,93,83,78,83
SO20260024,Mahasiswa_24,Teknik Informatika,Sistem Operasi,94,84,79,84
SO20260025,Mahasiswa_25,Teknik Informatika,Sistem Operasi,95,85,80,85
SO20260026,Mahasiswa_26,Teknik Informatika,Sistem Operasi,96,86,81,86
SO20260027,Mahasiswa_27,Teknik Informatika,Sistem Operasi,97,87,82,87
SO20260028,Mahasiswa_28,Teknik Informatika,Sistem Operasi,98,88,83,88
SO20260029,Mahasiswa_29,Teknik Informatika,Sistem Operasi,99,89,84,89
SO20260030,Mahasiswa_30,Teknik Informatika,Sistem Operasi,100,90,85,90
SO20260031,Mahasiswa_31,Teknik Informatika,Sistem Operasi,70,91,86,91
SO20260032,Mahasiswa_32,Teknik Informatika,Sistem Operasi,71,92,87,92
SO20260033,Mahasiswa_33,Teknik Informatika,Sistem Operasi,72,93,88,93
SO20260034,Mahasiswa_34,Teknik Informatika,Sistem Operasi,73,94,89,94
SO20260035,Mahasiswa_35,Teknik Informatika,Sistem Operasi,74,95,90,95
SO20260036,Mahasiswa_36,Teknik Informatika,Sistem Operasi,75,96,91,96
SO20260037,Mahasiswa_37,Teknik Informatika,Sistem Operasi,76,97,92,97
SO20260038,Mahasiswa_38,Teknik Informatika,Sistem Operasi,77,98,93,98
SO20260039,Mahasiswa_39,Teknik Informatika,Sistem Operasi,78,99,94,99
SO20260040,Mahasiswa_40,Teknik Informatika,Sistem Operasi,79,100,95,100
SO20260041,Mahasiswa_41,Teknik Informatika,Sistem Operasi,80,60,96,60
SO20260042,Mahasiswa_42,Teknik Informatika,Sistem Operasi,81,61,97,61
SO20260043,Mahasiswa_43,Teknik Informatika,Sistem Operasi,82,62,98,62
SO20260044,Mahasiswa_44,Teknik Informatika,Sistem Operasi,83,63,99,63
SO20260045,Mahasiswa_45,Teknik Informatika,Sistem Operasi,84,64,100,64
SO20260046,Mahasiswa_46,Teknik Informatika,Sistem Operasi,85,65,55,65
SO20260047,Mahasiswa_47,Teknik Informatika,Sistem Operasi,86,66,56,66
SO20260048,Mahasiswa_48,Teknik Informatika,Sistem Operasi,87,67,57,67
SO20260049,Mahasiswa_49,Teknik Informatika,Sistem Operasi,88,68,58,68
SO20260050,Mahasiswa_50,Teknik Informatika,Sistem Operasi,89,69,59,69
SO20260051,Mahasiswa_51,Teknik Informatika,Sistem Operasi,90,70,60,70
SO20260052,Mahasiswa_52,Teknik Informatika,Sistem Operasi,91,71,61,71
SO20260053,Mahasiswa_53,Teknik Informatika,Sistem Operasi,92,72,62,72
SO20260054,Mahasiswa_54,Teknik Informatika,Sistem Operasi,93,73,63,73
SO20260055,Mahasiswa_55,Teknik Informatika,Sistem Operasi,94,74,64,74
SO20260056,Mahasiswa_56,Teknik Informatika,Sistem Operasi,95,75,65,75
SO20260057,Mahasiswa_57,Teknik Informatika,Sistem Operasi,96,76,66,76
SO20260058,Mahasiswa_58,Teknik Informatika,Sistem Operasi,97,77,67,77
SO20260059,Mahasiswa_59,Teknik Informatika,Sistem Operasi,98,78,68,78
SO20260060,Mahasiswa_60,Teknik Informatika,Sistem Operasi,99,79,69,79
SO20260061,Mahasiswa_61,Teknik Informatika,Sistem Operasi,100,80,70,80
SO20260062,Mahasiswa_62,Teknik Informatika,Sistem Operasi,70,81,71,81
SO20260063,Mahasiswa_63,Teknik Informatika,Sistem Operasi,71,82,72,82
SO20260064,Mahasiswa_64,Teknik Informatika,Sistem Operasi,72,83,73,83
SO20260065,Mahasiswa_65,Teknik Informatika,Sistem Operasi,73,84,74,84
SO20260066,Mahasiswa_66,Teknik Informatika,Sistem Operasi,74,85,75,85
SO20260067,Mahasiswa_67,Teknik Informatika,Sistem Operasi,75,86,76,86
SO20260068,Mahasiswa_68,Teknik Informatika,Sistem Operasi,76,87,77,87
SO20260069,Mahasiswa_69,Teknik Informatika,Sistem Operasi,77,88,78,88
SO20260070,Mahasiswa_70,Teknik Informatika,Sistem Operasi,78,89,79,89
SO20260071,Mahasiswa_71,Teknik Informatika,Sistem Operasi,79,90,80,90
SO20260072,Mahasiswa_72,Teknik Informatika,Sistem Operasi,80,91,81,91
SO20260073,Mahasiswa_73,Teknik Informatika,Sistem Operasi,81,92,82,92
SO20260074,Mahasiswa_74,Teknik Informatika,Sistem Operasi,82,93,83,93
SO20260075,Mahasiswa_75,Teknik Informatika,Sistem Operasi,83,94,84,94
SO20260076,Mahasiswa_76,Teknik Informatika,Sistem Operasi,84,95,85,95
SO20260077,Mahasiswa_77,Teknik Informatika,Sistem Operasi,85,96,86,96
SO20260078,Mahasiswa_78,Teknik Informatika,Sistem Operasi,86,97,87,97
SO20260079,Mahasiswa_79,Teknik Informatika,Sistem Operasi,87,98,88,98
SO20260080,Mahasiswa_80,Teknik Informatika,Sistem Operasi,88,99,89,99
SO20260081,Mahasiswa_81,Teknik Informatika,Sistem Operasi,89,100,90,100
SO20260082,Mahasiswa_82,Teknik Informatika,Sistem Operasi,90,60,91,60
SO20260083,Mahasiswa_83,Teknik Informatika,Sistem Operasi,91,61,92,61
SO20260084,Mahasiswa_84,Teknik Informatika,Sistem Operasi,92,62,93,62
SO20260085,Mahasiswa_85,Teknik Informatika,Sistem Operasi,93,63,94,63
SO20260086,Mahasiswa_86,Teknik Informatika,Sistem Operasi,94,64,95,64
SO20260087,Mahasiswa_87,Teknik Informatika,Sistem Operasi,95,65,96,65
SO20260088,Mahasiswa_88,Teknik Informatika,Sistem Operasi,96,66,97,66
SO20260089,Mahasiswa_89,Teknik Informatika,Sistem Operasi,97,67,98,67
SO20260090,Mahasiswa_90,Teknik Informatika,Sistem Operasi,98,68,99,68
SO20260091,Mahasiswa_91,Teknik Informatika,Sistem Operasi,99,69,100,69
SO20260092,Mahasiswa_92,Teknik Informatika,Sistem Operasi,100,70,55,70
SO20260093,Mahasiswa_93,Teknik Informatika,Sistem Operasi,70,71,56,71
SO20260094,Mahasiswa_94,Teknik Informatika,Sistem Operasi,71,72,57,72
SO20260095,Mahasiswa_95,Teknik Informatika,Sistem Operasi,72,73,58,73
SO20260096,Mahasiswa_96,Teknik Informatika,Sistem Operasi,73,74,59,74
SO20260097,Mahasiswa_97,Teknik Informatika,Sistem Operasi,74,75,60,75
SO20260098,Mahasiswa_98,Teknik Informatika,Sistem Operasi,75,76,61,76
SO20260099,Mahasiswa_99,Teknik Informatika,Sistem Operasi,76,77,62,77
SO20260100,Mahasiswa_100,Teknik Informatika,Sistem Operasi,77,78,63,78
SO20260101,Mahasiswa_101,Teknik Informatika,Sistem Operasi,78,79,64,79
SO20260102,Mahasiswa_102,Teknik Informatika,Sistem Operasi,79,80,65,80
SO20260103,Mahasiswa_103,Teknik Informatika,Sistem Operasi,80,81,66,81
SO20260104,Mahasiswa_104,Teknik Informatika,Sistem Operasi,81,82,67,82
SO20260105,Mahasiswa_105,Teknik Informatika,Sistem Operasi,82,83,68,83
SO20260106,Mahasiswa_106,Teknik Informatika,Sistem Operasi,83,84,69,84
SO20260107,Mahasiswa_107,Teknik Informatika,Sistem Operasi,84,85,70,85
SO20260108,Mahasiswa_108,Teknik Informatika,Sistem Operasi,85,86,71,86
SO20260109,Mahasiswa_109,Teknik Informatika,Sistem Operasi,86,87,72,87
SO20260110,Mahasiswa_110,Teknik Informatika,Sistem Operasi,87,88,73,88
SO20260111,Mahasiswa_111,Teknik Informatika,Sistem Operasi,88,89,74,89
SO20260112,Mahasiswa_112,Teknik Informatika,Sistem Operasi,89,90,75,90
SO20260113,Mahasiswa_113,Teknik Informatika,Sistem Operasi,90,91,76,91
SO20260114,Mahasiswa_114,Teknik Informatika,Sistem Operasi,91,92,77,92
SO20260115,Mahasiswa_115,Teknik Informatika,Sistem Operasi,92,93,78,93
SO20260116,Mahasiswa_116,Teknik Informatika,Sistem Operasi,93,94,79,94
SO20260117,Mahasiswa_117,Teknik Informatika,Sistem Operasi,94,95,80,95
SO20260118,Mahasiswa_118,Teknik Informatika,Sistem Operasi,95,96,81,96
SO20260119,Mahasiswa_119,Teknik Informatika,Sistem Operasi,96,97,82,97
SO20260120,Mahasiswa_120,Teknik Informatika,Sistem Operasi,97,98,83,98
SO20260121,Mahasiswa_121,Teknik Informatika,Sistem Operasi,98,99,84,99
SO20260122,Mahasiswa_122,Teknik Informatika,Sistem Operasi,99,100,85,100
SO20260123,Mahasiswa_123,Teknik Informatika,Sistem Operasi,100,60,86,60
SO20260124,Mahasiswa_124,Teknik Informatika,Sistem Operasi,70,61,87,61
SO20260125,Mahasiswa_125,Teknik Informatika,Sistem Operasi,71,62,88,62
SO20260126,Mahasiswa_126,Teknik Informatika,Sistem Operasi,72,63,89,63
SO20260127,Mahasiswa_127,Teknik Informatika,Sistem Operasi,73,64,90,64
SO20260128,Mahasiswa_128,Teknik Informatika,Sistem Operasi,74,65,91,65
SO20260129,Mahasiswa_129,Teknik Informatika,Sistem Operasi,75,66,92,66
SO20260130,Mahasiswa_130,Teknik Informatika,Sistem Operasi,76,67,93,67
SO20260131,Mahasiswa_131,Teknik Informatika,Sistem Operasi,77,68,94,68
SO20260132,Mahasiswa_132,Teknik Informatika,Sistem Operasi,78,69,95,69
SO20260133,Mahasiswa_133,Teknik Informatika,Sistem Operasi,79,70,96,70
SO20260134,Mahasiswa_134,Teknik Informatika,Sistem Operasi,80,71,97,71
SO20260135,Mahasiswa_135,Teknik Informatika,Sistem Operasi,81,72,98,72
SO20260136,Mahasiswa_136,Teknik Informatika,Sistem Operasi,82,73,99,73
SO20260137,Mahasiswa_137,Teknik Informatika,Sistem Operasi,83,74,100,74
SO20260138,Mahasiswa_138,Teknik Informatika,Sistem Operasi,84,75,55,75
SO20260139,Mahasiswa_139,Teknik Informatika,Sistem Operasi,85,76,56,76
SO20260140,Mahasiswa_140,Teknik Informatika,Sistem Operasi,86,77,57,77
SO20260141,Mahasiswa_141,Teknik Informatika,Sistem Operasi,87,78,58,78
SO20260142,Mahasiswa_142,Teknik Informatika,Sistem Operasi,88,79,59,79
SO20260143,Mahasiswa_143,Teknik Informatika,Sistem Operasi,89,80,60,80
SO20260144,Mahasiswa_144,Teknik Informatika,Sistem Operasi,90,81,61,81
SO20260145,Mahasiswa_145,Teknik Informatika,Sistem Operasi,91,82,62,82
SO20260146,Mahasiswa_146,Teknik Informatika,Sistem Operasi,92,83,63,83
SO20260147,Mahasiswa_147,Teknik Informatika,Sistem Operasi,93,84,64,84
SO20260148,Mahasiswa_148,Teknik Informatika,Sistem Operasi,94,85,65,85
SO20260149,Mahasiswa_149,Teknik Informatika,Sistem Operasi,95,86,66,86
SO20260150,Mahasiswa_150,Teknik Informatika,Sistem Operasi,96,87,67,87
SO20260151,Mahasiswa_151,Teknik Informatika,Sistem Operasi,97,88,68,88
SO20260152,Mahasiswa_152,Teknik Informatika,Sistem Operasi,98,89,69,89
SO20260153,Mahasiswa_153,Teknik Informatika,Sistem Operasi,99,90,70,90
SO20260154,Mahasiswa_154,Teknik Informatika,Sistem Operasi,100,91,71,91
SO20260155,Mahasiswa_155,Teknik Informatika,Sistem Operasi,70,92,72,92
SO20260156,Mahasiswa_156,Teknik Informatika,Sistem Operasi,71,93,73,93
SO20260157,Mahasiswa_157,Teknik Informatika,Sistem Operasi,72,94,74,94
SO20260158,Mahasiswa_158,Teknik Informatika,Sistem Operasi,73,95,75,95
SO20260159,Mahasiswa_159,Teknik Informatika,Sistem Operasi,74,96,76,96
SO20260160,Mahasiswa_160,Teknik Informatika,Sistem Operasi,75,97,77,97
SO20260161,Mahasiswa_161,Teknik Informatika,Sistem Operasi,76,98,78,98
SO20260162,Mahasiswa_162,Teknik Informatika,Sistem Operasi,77,99,79,99
SO20260163,Mahasiswa_163,Teknik Informatika,Sistem Operasi,78,100,80,100
SO20260164,Mahasiswa_164,Teknik Informatika,Sistem Operasi,79,60,81,60
SO20260165,Mahasiswa_165,Teknik Informatika,Sistem Operasi,80,61,82,61
SO20260166,Mahasiswa_166,Teknik Informatika,Sistem Operasi,81,62,83,62
SO20260167,Mahasiswa_167,Teknik Informatika,Sistem Operasi,82,63,84,63
SO20260168,Mahasiswa_168,Teknik Informatika,Sistem Operasi,83,64,85,64
SO20260169,Mahasiswa_169,Teknik Informatika,Sistem Operasi,84,65,86,65
SO20260170,Mahasiswa_170,Teknik Informatika,Sistem Operasi,85,66,87,66
SO20260171,Mahasiswa_171,Teknik Informatika,Sistem Operasi,86,67,88,67
SO20260172,Mahasiswa_172,Teknik Informatika,Sistem Operasi,87,68,89,68
SO20260173,Mahasiswa_173,Teknik Informatika,Sistem Operasi,88,69,90,69
SO20260174,Mahasiswa_174,Teknik Informatika,Sistem Operasi,89,70,91,70
SO20260175,Mahasiswa_175,Teknik Informatika,Sistem Operasi,90,71,92,71
SO20260176,Mahasiswa_176,Teknik Informatika,Sistem Operasi,91,72,93,72
SO20260177,Mahasiswa_177,Teknik Informatika,Sistem Operasi,92,73,94,73
SO20260178,Mahasiswa_178,Teknik Informatika,Sistem Operasi,93,74,95,74
SO20260179,Mahasiswa_179,Teknik Informatika,Sistem Operasi,94,75,96,75
SO20260180,Mahasiswa_180,Teknik Informatika,Sistem Operasi,95,76,97,76
SO20260181,Mahasiswa_181,Teknik Informatika,Sistem Operasi,96,77,98,77
SO20260182,Mahasiswa_182,Teknik Informatika,Sistem Operasi,97,78,99,78
SO20260183,Mahasiswa_183,Teknik Informatika,Sistem Operasi,98,79,100,79
SO20260184,Mahasiswa_184,Teknik Informatika,Sistem Operasi,99,80,55,80
SO20260185,Mahasiswa_185,Teknik Informatika,Sistem Operasi,100,81,56,81
SO20260186,Mahasiswa_186,Teknik Informatika,Sistem Operasi,70,82,57,82
SO20260187,Mahasiswa_187,Teknik Informatika,Sistem Operasi,71,83,58,83
SO20260188,Mahasiswa_188,Teknik Informatika,Sistem Operasi,72,84,59,84
SO20260189,Mahasiswa_189,Teknik Informatika,Sistem Operasi,73,85,60,85
SO20260190,Mahasiswa_190,Teknik Informatika,Sistem Operasi,74,86,61,86
SO20260191,Mahasiswa_191,Teknik Informatika,Sistem Operasi,75,87,62,87
SO20260192,Mahasiswa_192,Teknik Informatika,Sistem Operasi,76,88,63,88
SO20260193,Mahasiswa_193,Teknik Informatika,Sistem Operasi,77,89,64,89
SO20260194,Mahasiswa_194,Teknik Informatika,Sistem Operasi,78,90,65,90
SO20260195,Mahasiswa_195,Teknik Informatika,Sistem Operasi,79,91,66,91
SO20260196,Mahasiswa_196,Teknik Informatika,Sistem Operasi,80,92,67,92
SO20260197,Mahasiswa_197,Teknik Informatika,Sistem Operasi,81,93,68,93
SO20260198,Mahasiswa_198,Teknik Informatika,Sistem Operasi,82,94,69,94
SO20260199,Mahasiswa_199,Teknik Informatika,Sistem Operasi,83,95,70,95
SO20260200,Mahasiswa_200,Teknik Informatika,Sistem Operasi,84,96,71,96
SO20260201,Mahasiswa_201,Teknik Informatika,Sistem Operasi,85,97,72,97
SO20260202,Mahasiswa_202,Teknik Informatika,Sistem Operasi,86,98,73,98
SO20260203,Mahasiswa_203,Teknik Informatika,Sistem Operasi,87,99,74,99
SO20260204,Mahasiswa_204,Teknik Informatika,Sistem Operasi,88,100,75,100
SO20260205,Mahasiswa_205,Teknik Informatika,Sistem Operasi,89,60,76,60
SO20260206,Mahasiswa_206,Teknik Informatika,Sistem Operasi,90,61,77,61
SO20260207,Mahasiswa_207,Teknik Informatika,Sistem Operasi,91,62,78,62
SO20260208,Mahasiswa_208,Teknik Informatika,Sistem Operasi,92,63,79,63
SO20260209,Mahasiswa_209,Teknik Informatika,Sistem Operasi,93,64,80,64
SO20260210,Mahasiswa_210,Teknik Informatika,Sistem Operasi,94,65,81,65
SO20260211,Mahasiswa_211,Teknik Informatika,Sistem Operasi,95,66,82,66
SO20260212,Mahasiswa_212,Teknik Informatika,Sistem Operasi,96,67,83,67
SO20260213,Mahasiswa_213,Teknik Informatika,Sistem Operasi,97,68,84,68
SO20260214,Mahasiswa_214,Teknik Informatika,Sistem Operasi,98,69,85,69
SO20260215,Mahasiswa_215,Teknik Informatika,Sistem Operasi,99,70,86,70
SO20260216,Mahasiswa_216,Teknik Informatika,Sistem Operasi,100,71,87,71
SO20260217,Mahasiswa_217,Teknik Informatika,Sistem Operasi,70,72,88,72
SO20260218,Mahasiswa_218,Teknik Informatika,Sistem Operasi,71,73,89,73
SO20260219,Mahasiswa_219,Teknik Informatika,Sistem Operasi,72,74,90,74
SO20260220,Mahasiswa_220,Teknik Informatika,Sistem Operasi,73,75,91,75
SO20260221,Mahasiswa_221,Teknik Informatika,Sistem Operasi,74,76,92,76
SO20260222,Mahasiswa_222,Teknik Informatika,Sistem Operasi,75,77,93,77
SO20260223,Mahasiswa_223,Teknik Informatika,Sistem Operasi,76,78,94,78
SO20260224,Mahasiswa_224,Teknik Informatika,Sistem Operasi,77,79,95,79
SO20260225,Mahasiswa_225,Teknik Informatika,Sistem Operasi,78,80,96,80
SO20260226,Mahasiswa_226,Teknik Informatika,Sistem Operasi,79,81,97,81
SO20260227,Mahasiswa_227,Teknik Informatika,Sistem Operasi,80,82,98,82
SO20260228,Mahasiswa_228,Teknik Informatika,Sistem Operasi,81,83,99,83
SO20260229,Mahasiswa_229,Teknik Informatika,Sistem Operasi,82,84,100,84
SO20260230,Mahasiswa_230,Teknik Informatika,Sistem Operasi,83,85,55,85
SO20260231,Mahasiswa_231,Teknik Informatika,Sistem Operasi,84,86,56,86
SO20260232,Mahasiswa_232,Teknik Informatika,Sistem Operasi,85,87,57,87
SO20260233,Mahasiswa_233,Teknik Informatika,Sistem Operasi,86,88,58,88
SO20260234,Mahasiswa_234,Teknik Informatika,Sistem Operasi,87,89,59,89
SO20260235,Mahasiswa_235,Teknik Informatika,Sistem Operasi,88,90,60,90
SO20260236,Mahasiswa_236,Teknik Informatika,Sistem Operasi,89,91,61,91
SO20260237,Mahasiswa_237,Teknik Informatika,Sistem Operasi,90,92,62,92
SO20260238,Mahasiswa_238,Teknik Informatika,Sistem Operasi,91,93,63,93
SO20260239,Mahasiswa_239,Teknik Informatika,Sistem Operasi,92,94,64,94
SO20260240,Mahasiswa_240,Teknik Informatika,Sistem Operasi,93,95,65,95
SO20260241,Mahasiswa_241,Teknik Informatika,Sistem Operasi,94,96,66,96
SO20260242,Mahasiswa_242,Teknik Informatika,Sistem Operasi,95,97,67,97
SO20260243,Mahasiswa_243,Teknik Informatika,Sistem Operasi,96,98,68,98
SO20260244,Mahasiswa_244,Teknik Informatika,Sistem Operasi,97,99,69,99
SO20260245,Mahasiswa_245,Teknik Informatika,Sistem Operasi,98,100,70,100
SO20260246,Mahasiswa_246,Teknik Informatika,Sistem Operasi,99,60,71,60
SO20260247,Mahasiswa_247,Teknik Informatika,Sistem Operasi,100,61,72,61
SO20260248,Mahasiswa_248,Teknik Informatika,Sistem Operasi,70,62,73,62
SO20260249,Mahasiswa_249,Teknik Informatika,Sistem Operasi,71,63,74,63
SO20260250,Mahasiswa_250,Teknik Informatika,Sistem Operasi,72,64,75,64
SO20260251,Mahasiswa_251,Teknik Informatika,Sistem Operasi,73,65,76,65
SO20260252,Mahasiswa_252,Teknik Informatika,Sistem Operasi,74,66,77,66
SO20260253,Mahasiswa_253,Teknik Informatika,Sistem Operasi,75,67,78,67
SO20260254,Mahasiswa_254,Teknik Informatika,Sistem Operasi,76,68,79,68
SO20260255,Mahasiswa_255,Teknik Informatika,Sistem Operasi,77,69,80,69
SO20260256,Mahasiswa_256,Teknik Informatika,Sistem Operasi,78,70,81,70
SO20260257,Mahasiswa_257,Teknik Informatika,Sistem Operasi,79,71,82,71
SO20260258,Mahasiswa_258,Teknik Informatika,Sistem Operasi,80,72,83,72
SO20260259,Mahasiswa_259,Teknik Informatika,Sistem Operasi,81,73,84,73
SO20260260,Mahasiswa_260,Teknik Informatika,Sistem Operasi,82,74,85,74
SO20260261,Mahasiswa_261,Teknik Informatika,Sistem Operasi,83,75,86,75
SO20260262,Mahasiswa_262,Teknik Informatika,Sistem Operasi,84,76,87,76
SO20260263,Mahasiswa_263,Teknik Informatika,Sistem Operasi,85,77,88,77
SO20260264,Mahasiswa_264,Teknik Informatika,Sistem Operasi,86,78,89,78
SO20260265,Mahasiswa_265,Teknik Informatika,Sistem Operasi,87,79,90,79
SO20260266,Mahasiswa_266,Teknik Informatika,Sistem Operasi,88,80,91,80
SO20260267,Mahasiswa_267,Teknik Informatika,Sistem Operasi,89,81,92,81
SO20260268,Mahasiswa_268,Teknik Informatika,Sistem Operasi,90,82,93,82
SO20260269,Mahasiswa_269,Teknik Informatika,Sistem Operasi,91,83,94,83
SO20260270,Mahasiswa_270,Teknik Informatika,Sistem Operasi,92,84,95,84
SO20260271,Mahasiswa_271,Teknik Informatika,Sistem Operasi,93,85,96,85
SO20260272,Mahasiswa_272,Teknik Informatika,Sistem Operasi,94,86,97,86
SO20260273,Mahasiswa_273,Teknik Informatika,Sistem Operasi,95,87,98,87
SO20260274,Mahasiswa_274,Teknik Informatika,Sistem Operasi,96,88,99,88
SO20260275,Mahasiswa_275,Teknik Informatika,Sistem Operasi,97,89,100,89
SO20260276,Mahasiswa_276,Teknik Informatika,Sistem Operasi,98,90,55,90
SO20260277,Mahasiswa_277,Teknik Informatika,Sistem Operasi,99,91,56,91
SO20260278,Mahasiswa_278,Teknik Informatika,Sistem Operasi,100,92,57,92
SO20260279,Mahasiswa_279,Teknik Informatika,Sistem Operasi,70,93,58,93
SO20260280,Mahasiswa_280,Teknik Informatika,Sistem Operasi,71,94,59,94
SO20260281,Mahasiswa_281,Teknik Informatika,Sistem Operasi,72,95,60,95
SO20260282,Mahasiswa_282,Teknik Informatika,Sistem Operasi,73,96,61,96
SO20260283,Mahasiswa_283,Teknik Informatika,Sistem Operasi,74,97,62,97
SO20260284,Mahasiswa_284,Teknik Informatika,Sistem Operasi,75,98,63,98
SO20260285,Mahasiswa_285,Teknik Informatika,Sistem Operasi,76,99,64,99
SO20260286,Mahasiswa_286,Teknik Informatika,Sistem Operasi,77,100,65,100
SO20260287,Mahasiswa_287,Teknik Informatika,Sistem Operasi,78,60,66,60
SO20260288,Mahasiswa_288,Teknik Informatika,Sistem Operasi,79,61,67,61
SO20260289,Mahasiswa_289,Teknik Informatika,Sistem Operasi,80,62,68,62
SO20260290,Mahasiswa_290,Teknik Informatika,Sistem Operasi,81,63,69,63
SO20260291,Mahasiswa_291,Teknik Informatika,Sistem Operasi,82,64,70,64
SO20260292,Mahasiswa_292,Teknik Informatika,Sistem Operasi,83,65,71,65
SO20260293,Mahasiswa_293,Teknik Informatika,Sistem Operasi,84,66,72,66
SO20260294,Mahasiswa_294,Teknik Informatika,Sistem Operasi,85,67,73,67
SO20260295,Mahasiswa_295,Teknik Informatika,Sistem Operasi,86,68,74,68
SO20260296,Mahasiswa_296,Teknik Informatika,Sistem Operasi,87,69,75,69
SO20260297,Mahasiswa_297,Teknik Informatika,Sistem Operasi,88,70,76,70
SO20260298,Mahasiswa_298,Teknik Informatika,Sistem Operasi,89,71,77,71
SO20260299,Mahasiswa_299,Teknik Informatika,Sistem Operasi,90,72,78,72
SO20260300,Mahasiswa_300,Teknik Informatika,Sistem Operasi,91,73,79,73
SO20260301,Mahasiswa_301,Teknik Informatika,Sistem Operasi,92,74,80,74
SO20260302,Mahasiswa_302,Teknik Informatika,Sistem Operasi,93,75,81,75
SO20260303,Mahasiswa_303,Teknik Informatika,Sistem Operasi,94,76,82,76
SO20260304,Mahasiswa_304,Teknik Informatika,Sistem Operasi,95,77,83,77
SO20260305,Mahasiswa_305,Teknik Informatika,Sistem Operasi,96,78,84,78
SO20260306,Mahasiswa_306,Teknik Informatika,Sistem Operasi,97,79,85,79
SO20260307,Mahasiswa_307,Teknik Informatika,Sistem Operasi,98,80,86,80
SO20260308,Mahasiswa_308,Teknik Informatika,Sistem Operasi,99,81,87,81
SO20260309,Mahasiswa_309,Teknik Informatika,Sistem Operasi,100,82,88,82
SO20260310,Mahasiswa_310,Teknik Informatika,Sistem Operasi,70,83,89,83
SO20260311,Mahasiswa_311,Teknik Informatika,Sistem Operasi,71,84,90,84
SO20260312,Mahasiswa_312,Teknik Informatika,Sistem Operasi,72,85,91,85
SO20260313,Mahasiswa_313,Teknik Informatika,Sistem Operasi,73,86,92,86
SO20260314,Mahasiswa_314,Teknik Informatika,Sistem Operasi,74,87,93,87
SO20260315,Mahasiswa_315,Teknik Informatika,Sistem Operasi,75,88,94,88
SO20260316,Mahasiswa_316,Teknik Informatika,Sistem Operasi,76,89,95,89
SO20260317,Mahasiswa_317,Teknik Informatika,Sistem Operasi,77,90,96,90
SO20260318,Mahasiswa_318,Teknik Informatika,Sistem Operasi,78,91,97,91
SO20260319,Mahasiswa_319,Teknik Informatika,Sistem Operasi,79,92,98,92
SO20260320,Mahasiswa_320,Teknik Informatika,Sistem Operasi,80,93,99,93
SO20260321,Mahasiswa_321,Teknik Informatika,Sistem Operasi,81,94,100,94
SO20260322,Mahasiswa_322,Teknik Informatika,Sistem Operasi,82,95,55,95
SO20260323,Mahasiswa_323,Teknik Informatika,Sistem Operasi,83,96,56,96
SO20260324,Mahasiswa_324,Teknik Informatika,Sistem Operasi,84,97,57,97
SO20260325,Mahasiswa_325,Teknik Informatika,Sistem Operasi,85,98,58,98
SO20260326,Mahasiswa_326,Teknik Informatika,Sistem Operasi,86,99,59,99
SO20260327,Mahasiswa_327,Teknik Informatika,Sistem Operasi,87,100,60,100
SO20260328,Mahasiswa_328,Teknik Informatika,Sistem Operasi,88,60,61,60
SO20260329,Mahasiswa_329,Teknik Informatika,Sistem Operasi,89,61,62,61
SO20260330,Mahasiswa_330,Teknik Informatika,Sistem Operasi,90,62,63,62
SO20260331,Mahasiswa_331,Teknik Informatika,Sistem Operasi,91,63,64,63
SO20260332,Mahasiswa_332,Teknik Informatika,Sistem Operasi,92,64,65,64
SO20260333,Mahasiswa_333,Teknik Informatika,Sistem Operasi,93,65,66,65
SO20260334,Mahasiswa_334,Teknik Informatika,Sistem Operasi,94,66,67,66
SO20260335,Mahasiswa_335,Teknik Informatika,Sistem Operasi,95,67,68,67
SO20260336,Mahasiswa_336,Teknik Informatika,Sistem Operasi,96,68,69,68
SO20260337,Mahasiswa_337,Teknik Informatika,Sistem Operasi,97,69,70,69
SO20260338,Mahasiswa_338,Teknik Informatika,Sistem Operasi,98,70,71,70
SO20260339,Mahasiswa_339,Teknik Informatika,Sistem Operasi,99,71,72,71
SO20260340,Mahasiswa_340,Teknik Informatika,Sistem Operasi,100,72,73,72
SO20260341,Mahasiswa_341,Teknik Informatika,Sistem Operasi,70,73,74,73
SO20260342,Mahasiswa_342,Teknik Informatika,Sistem Operasi,71,74,75,74
SO20260343,Mahasiswa_343,Teknik Informatika,Sistem Operasi,72,75,76,75
SO20260344,Mahasiswa_344,Teknik Informatika,Sistem Operasi,73,76,77,76
SO20260345,Mahasiswa_345,Teknik Informatika,Sistem Operasi,74,77,78,77
SO20260346,Mahasiswa_346,Teknik Informatika,Sistem Operasi,75,78,79,78
SO20260347,Mahasiswa_347,Teknik Informatika,Sistem Operasi,76,79,80,79
SO20260348,Mahasiswa_348,Teknik Informatika,Sistem Operasi,77,80,81,80
SO20260349,Mahasiswa_349,Teknik Informatika,Sistem Operasi,78,81,82,81
SO20260350,Mahasiswa_350,Teknik Informatika,Sistem Operasi,79,82,83,82
SO20260351,Mahasiswa_351,Teknik Informatika,Sistem Operasi,80,83,84,83
SO20260352,Mahasiswa_352,Teknik Informatika,Sistem Operasi,81,84,85,84
SO20260353,Mahasiswa_353,Teknik Informatika,Sistem Operasi,82,85,86,85
SO20260354,Mahasiswa_354,Teknik Informatika,Sistem Operasi,83,86,87,86
SO20260355,Mahasiswa_355,Teknik Informatika,Sistem Operasi,84,87,88,87
SO20260356,Mahasiswa_356,Teknik Informatika,Sistem Operasi,85,88,89,88
SO20260357,Mahasiswa_357,Teknik Informatika,Sistem Operasi,86,89,90,89
SO20260358,Mahasiswa_358,Teknik Informatika,Sistem Operasi,87,90,91,90
SO20260359,Mahasiswa_359,Teknik Informatika,Sistem Operasi,88,91,92,91
SO20260360,Mahasiswa_360,Teknik Informatika,Sistem Operasi,89,92,93,92
SO20260361,Mahasiswa_361,Teknik Informatika,Sistem Operasi,90,93,94,93
SO20260362,Mahasiswa_362,Teknik Informatika,Sistem Operasi,91,94,95,94
SO20260363,Mahasiswa_363,Teknik Informatika,Sistem Operasi,92,95,96,95
SO20260364,Mahasiswa_364,Teknik Informatika,Sistem Operasi,93,96,97,96
SO20260365,Mahasiswa_365,Teknik Informatika,Sistem Operasi,94,97,98,97
SO20260366,Mahasiswa_366,Teknik Informatika,Sistem Operasi,95,98,99,98
SO20260367,Mahasiswa_367,Teknik Informatika,Sistem Operasi,96,99,100,99
SO20260368,Mahasiswa_368,Teknik Informatika,Sistem Operasi,97,100,55,100
SO20260369,Mahasiswa_369,Teknik Informatika,Sistem Operasi,98,60,56,60
SO20260370,Mahasiswa_370,Teknik Informatika,Sistem Operasi,99,61,57,61
SO20260371,Mahasiswa_371,Teknik Informatika,Sistem Operasi,100,62,58,62
SO20260372,Mahasiswa_372,Teknik Informatika,Sistem Operasi,70,63,59,63
SO20260373,Mahasiswa_373,Teknik Informatika,Sistem Operasi,71,64,60,64
SO20260374,Mahasiswa_374,Teknik Informatika,Sistem Operasi,72,65,61,65
SO20260375,Mahasiswa_375,Teknik Informatika,Sistem Operasi,73,66,62,66
SO20260376,Mahasiswa_376,Teknik Informatika,Sistem Operasi,74,67,63,67
SO20260377,Mahasiswa_377,Teknik Informatika,Sistem Operasi,75,68,64,68
SO20260378,Mahasiswa_378,Teknik Informatika,Sistem Operasi,76,69,65,69
SO20260379,Mahasiswa_379,Teknik Informatika,Sistem Operasi,77,70,66,70
SO20260380,Mahasiswa_380,Teknik Informatika,Sistem Operasi,78,71,67,71
SO20260381,Mahasiswa_381,Teknik Informatika,Sistem Operasi,79,72,68,72
SO20260382,Mahasiswa_382,Teknik Informatika,Sistem Operasi,80,73,69,73
SO20260383,Mahasiswa_383,Teknik Informatika,Sistem Operasi,81,74,70,74
SO20260384,Mahasiswa_384,Teknik Informatika,Sistem Operasi,82,75,71,75
SO20260385,Mahasiswa_385,Teknik Informatika,Sistem Operasi,83,76,72,76
SO20260386,Mahasiswa_386,Teknik Informatika,Sistem Operasi,84,77,73,77
SO20260387,Mahasiswa_387,Teknik Informatika,Sistem Operasi,85,78,74,78
SO20260388,Mahasiswa_388,Teknik Informatika,Sistem Operasi,86,79,75,79
SO20260389,Mahasiswa_389,Teknik Informatika,Sistem Operasi,87,80,76,80
SO20260390,Mahasiswa_390,Teknik Informatika,Sistem Operasi,88,81,77,81
SO20260391,Mahasiswa_391,Teknik Informatika,Sistem Operasi,89,82,78,82
SO20260392,Mahasiswa_392,Teknik Informatika,Sistem Operasi,90,83,79,83
SO20260393,Mahasiswa_393,Teknik Informatika,Sistem Operasi,91,84,80,84
SO20260394,Mahasiswa_394,Teknik Informatika,Sistem Operasi,92,85,81,85
SO20260395,Mahasiswa_395,Teknik Informatika,Sistem Operasi,93,86,82,86
SO20260396,Mahasiswa_396,Teknik Informatika,Sistem Operasi,94,87,83,87
SO20260397,Mahasiswa_397,Teknik Informatika,Sistem Operasi,95,88,84,88
SO20260398,Mahasiswa_398,Teknik Informatika,Sistem Operasi,96,89,85,89
SO20260399,Mahasiswa_399,Teknik Informatika,Sistem Operasi,97,90,86,90
SO20260400,Mahasiswa_400,Teknik Informatika,Sistem Operasi,98,91,87,91
SO20260401,Mahasiswa_401,Teknik Informatika,Sistem Operasi,99,92,88,92
SO20260402,Mahasiswa_402,Teknik Informatika,Sistem Operasi,100,93,89,93
SO20260403,Mahasiswa_403,Teknik Informatika,Sistem Operasi,70,94,90,94
SO20260404,Mahasiswa_404,Teknik Informatika,Sistem Operasi,71,95,91,95
SO20260405,Mahasiswa_405,Teknik Informatika,Sistem Operasi,72,96,92,96
SO20260406,Mahasiswa_406,Teknik Informatika,Sistem Operasi,73,97,93,97
SO20260407,Mahasiswa_407,Teknik Informatika,Sistem Operasi,74,98,94,98
SO20260408,Mahasiswa_408,Teknik Informatika,Sistem Operasi,75,99,95,99
SO20260409,Mahasiswa_409,Teknik Informatika,Sistem Operasi,76,100,96,100
SO20260410,Mahasiswa_410,Teknik Informatika,Sistem Operasi,77,60,97,60
SO20260411,Mahasiswa_411,Teknik Informatika,Sistem Operasi,78,61,98,61
SO20260412,Mahasiswa_412,Teknik Informatika,Sistem Operasi,79,62,99,62
SO20260413,Mahasiswa_413,Teknik Informatika,Sistem Operasi,80,63,100,63
SO20260414,Mahasiswa_414,Teknik Informatika,Sistem Operasi,81,64,55,64
SO20260415,Mahasiswa_415,Teknik Informatika,Sistem Operasi,82,65,56,65
SO20260416,Mahasiswa_416,Teknik Informatika,Sistem Operasi,83,66,57,66
SO20260417,Mahasiswa_417,Teknik Informatika,Sistem Operasi,84,67,58,67
SO20260418,Mahasiswa_418,Teknik Informatika,Sistem Operasi,85,68,59,68
SO20260419,Mahasiswa_419,Teknik Informatika,Sistem Operasi,86,69,60,69
SO20260420,Mahasiswa_420,Teknik Informatika,Sistem Operasi,87,70,61,70
SO20260421,Mahasiswa_421,Teknik Informatika,Sistem Operasi,88,71,62,71
SO20260422,Mahasiswa_422,Teknik Informatika,Sistem Operasi,89,72,63,72
SO20260423,Mahasiswa_423,Teknik Informatika,Sistem Operasi,90,73,64,73
SO20260424,Mahasiswa_424,Teknik Informatika,Sistem Operasi,91,74,65,74
SO20260425,Mahasiswa_425,Teknik Informatika,Sistem Operasi,92,75,66,75
SO20260426,Mahasiswa_426,Teknik Informatika,Sistem Operasi,93,76,67,76
SO20260427,Mahasiswa_427,Teknik Informatika,Sistem Operasi,94,77,68,77
SO20260428,Mahasiswa_428,Teknik Informatika,Sistem Operasi,95,78,69,78
SO20260429,Mahasiswa_429,Teknik Informatika,Sistem Operasi,96,79,70,79
SO20260430,Mahasiswa_430,Teknik Informatika,Sistem Operasi,97,80,71,80
SO20260431,Mahasiswa_431,Teknik Informatika,Sistem Operasi,98,81,72,81
SO20260432,Mahasiswa_432,Teknik Informatika,Sistem Operasi,99,82,73,82
SO20260433,Mahasiswa_433,Teknik Informatika,Sistem Operasi,100,83,74,83
SO20260434,Mahasiswa_434,Teknik Informatika,Sistem Operasi,70,84,75,84
SO20260435,Mahasiswa_435,Teknik Informatika,Sistem Operasi,71,85,76,85
SO20260436,Mahasiswa_436,Teknik Informatika,Sistem Operasi,72,86,77,86
SO20260437,Mahasiswa_437,Teknik Informatika,Sistem Operasi,73,87,78,87
SO20260438,Mahasiswa_438,Teknik Informatika,Sistem Operasi,74,88,79,88
SO20260439,Mahasiswa_439,Teknik Informatika,Sistem Operasi,75,89,80,89
SO20260440,Mahasiswa_440,Teknik Informatika,Sistem Operasi,76,90,81,90
SO20260441,Mahasiswa_441,Teknik Informatika,Sistem Operasi,77,91,82,91
SO20260442,Mahasiswa_442,Teknik Informatika,Sistem Operasi,78,92,83,92
SO20260443,Mahasiswa_443,Teknik Informatika,Sistem Operasi,79,93,84,93
SO20260444,Mahasiswa_444,Teknik Informatika,Sistem Operasi,80,94,85,94
SO20260445,Mahasiswa_445,Teknik Informatika,Sistem Operasi,81,95,86,95
SO20260446,Mahasiswa_446,Teknik Informatika,Sistem Operasi,82,96,87,96
SO20260447,Mahasiswa_447,Teknik Informatika,Sistem Operasi,83,97,88,97
SO20260448,Mahasiswa_448,Teknik Informatika,Sistem Operasi,84,98,89,98
SO20260449,Mahasiswa_449,Teknik Informatika,Sistem Operasi,85,99,90,99
SO20260450,Mahasiswa_450,Teknik Informatika,Sistem Operasi,86,100,91,100
SO20260451,Mahasiswa_451,Teknik Informatika,Sistem Operasi,87,60,92,60
SO20260452,Mahasiswa_452,Teknik Informatika,Sistem Operasi,88,61,93,61
SO20260453,Mahasiswa_453,Teknik Informatika,Sistem Operasi,89,62,94,62
SO20260454,Mahasiswa_454,Teknik Informatika,Sistem Operasi,90,63,95,63
SO20260455,Mahasiswa_455,Teknik Informatika,Sistem Operasi,91,64,96,64
SO20260456,Mahasiswa_456,Teknik Informatika,Sistem Operasi,92,65,97,65
SO20260457,Mahasiswa_457,Teknik Informatika,Sistem Operasi,93,66,98,66
SO20260458,Mahasiswa_458,Teknik Informatika,Sistem Operasi,94,67,99,67
SO20260459,Mahasiswa_459,Teknik Informatika,Sistem Operasi,95,68,100,68
SO20260460,Mahasiswa_460,Teknik Informatika,Sistem Operasi,96,69,55,69
SO20260461,Mahasiswa_461,Teknik Informatika,Sistem Operasi,97,70,56,70
SO20260462,Mahasiswa_462,Teknik Informatika,Sistem Operasi,98,71,57,71
SO20260463,Mahasiswa_463,Teknik Informatika,Sistem Operasi,99,72,58,72
SO20260464,Mahasiswa_464,Teknik Informatika,Sistem Operasi,100,73,59,73
SO20260465,Mahasiswa_465,Teknik Informatika,Sistem Operasi,70,74,60,74
SO20260466,Mahasiswa_466,Teknik Informatika,Sistem Operasi,71,75,61,75
SO20260467,Mahasiswa_467,Teknik Informatika,Sistem Operasi,72,76,62,76
SO20260468,Mahasiswa_468,Teknik Informatika,Sistem Operasi,73,77,63,77
SO20260469,Mahasiswa_469,Teknik Informatika,Sistem Operasi,74,78,64,78
SO20260470,Mahasiswa_470,Teknik Informatika,Sistem Operasi,75,79,65,79
SO20260471,Mahasiswa_471,Teknik Informatika,Sistem Operasi,76,80,66,80
SO20260472,Mahasiswa_472,Teknik Informatika,Sistem Operasi,77,81,67,81
SO20260473,Mahasiswa_473,Teknik Informatika,Sistem Operasi,78,82,68,82
SO20260474,Mahasiswa_474,Teknik Informatika,Sistem Operasi,79,83,69,83
SO20260475,Mahasiswa_475,Teknik Informatika,Sistem Operasi,80,84,70,84
SO20260476,Mahasiswa_476,Teknik Informatika,Sistem Operasi,81,85,71,85
SO20260477,Mahasiswa_477,Teknik Informatika,Sistem Operasi,82,86,72,86
SO20260478,Mahasiswa_478,Teknik Informatika,Sistem Operasi,83,87,73,87
SO20260479,Mahasiswa_479,Teknik Informatika,Sistem Operasi,84,88,74,88
SO20260480,Mahasiswa_480,Teknik Informatika,Sistem Operasi,85,89,75,89
SO20260481,Mahasiswa_481,Teknik Informatika,Sistem Operasi,86,90,76,90
SO20260482,Mahasiswa_482,Teknik Informatika,Sistem Operasi,87,91,77,91
SO20260483,Mahasiswa_483,Teknik Informatika,Sistem Operasi,88,92,78,92
SO20260484,Mahasiswa_484,Teknik Informatika,Sistem Operasi,89,93,79,93
SO20260485,Mahasiswa_485,Teknik Informatika,Sistem Operasi,90,94,80,94
SO20260486,Mahasiswa_486,Teknik Informatika,Sistem Operasi,91,95,81,95
SO20260487,Mahasiswa_487,Teknik Informatika,Sistem Operasi,92,96,82,96
SO20260488,Mahasiswa_488,Teknik Informatika,Sistem Operasi,93,97,83,97
SO20260489,Mahasiswa_489,Teknik Informatika,Sistem Operasi,94,98,84,98
SO20260490,Mahasiswa_490,Teknik Informatika,Sistem Operasi,95,99,85,99
SO20260491,Mahasiswa_491,Teknik Informatika,Sistem Operasi,96,100,86,100
SO20260492,Mahasiswa_492,Teknik Informatika,Sistem Operasi,97,60,87,60
SO20260493,Mahasiswa_493,Teknik Informatika,Sistem Operasi,98,61,88,61
SO20260494,Mahasiswa_494,Teknik Informatika,Sistem Operasi,99,62,89,62
SO20260495,Mahasiswa_495,Teknik Informatika,Sistem Operasi,100,63,90,63
SO20260496,Mahasiswa_496,Teknik Informatika,Sistem Operasi,70,64,91,64
SO20260497,Mahasiswa_497,Teknik Informatika,Sistem Operasi,71,65,92,65
SO20260498,Mahasiswa_498,Teknik Informatika,Sistem Operasi,72,66,93,66
SO20260499,Mahasiswa_499,Teknik Informatika,Sistem Operasi,73,67,94,67
SO20260500,Mahasiswa_500,Teknik Informatika,Sistem Operasi,74,68,95,68
SO20260501,Mahasiswa_501,Teknik Informatika,Sistem Operasi,75,69,96,69
SO20260502,Mahasiswa_502,Teknik Informatika,Sistem Operasi,76,70,97,70
SO20260503,Mahasiswa_503,Teknik Informatika,Sistem Operasi,77,71,98,71
SO20260504,Mahasiswa_504,Teknik Informatika,Sistem Operasi,78,72,99,72
SO20260505,Mahasiswa_505,Teknik Informatika,Sistem Operasi,79,73,100,73
SO20260506,Mahasiswa_506,Teknik Informatika,Sistem Operasi,80,74,55,74
SO20260507,Mahasiswa_507,Teknik Informatika,Sistem Operasi,81,75,56,75
SO20260508,Mahasiswa_508,Teknik Informatika,Sistem Operasi,82,76,57,76
SO20260509,Mahasiswa_509,Teknik Informatika,Sistem Operasi,83,77,58,77
SO20260510,Mahasiswa_510,Teknik Informatika,Sistem Operasi,84,78,59,78
SO20260511,Mahasiswa_511,Teknik Informatika,Sistem Operasi,85,79,60,79
SO20260512,Mahasiswa_512,Teknik Informatika,Sistem Operasi,86,80,61,80
SO20260513,Mahasiswa_513,Teknik Informatika,Sistem Operasi,87,81,62,81
SO20260514,Mahasiswa_514,Teknik Informatika,Sistem Operasi,88,82,63,82
SO20260515,Mahasiswa_515,Teknik Informatika,Sistem Operasi,89,83,64,83
SO20260516,Mahasiswa_516,Teknik Informatika,Sistem Operasi,90,84,65,84
SO20260517,Mahasiswa_517,Teknik Informatika,Sistem Operasi,91,85,66,85
SO20260518,Mahasiswa_518,Teknik Informatika,Sistem Operasi,92,86,67,86
SO20260519,Mahasiswa_519,Teknik Informatika,Sistem Operasi,93,87,68,87
SO20260520,Mahasiswa_520,Teknik Informatika,Sistem Operasi,94,88,69,88
SO20260521,Mahasiswa_521,Teknik Informatika,Sistem Operasi,95,89,70,89
SO20260522,Mahasiswa_522,Teknik Informatika,Sistem Operasi,96,90,71,90
SO20260523,Mahasiswa_523,Teknik Informatika,Sistem Operasi,97,91,72,91
SO20260524,Mahasiswa_524,Teknik Informatika,Sistem Operasi,98,92,73,92
SO20260525,Mahasiswa_525,Teknik Informatika,Sistem Operasi,99,93,74,93
SO20260526,Mahasiswa_526,Teknik Informatika,Sistem Operasi,100,94,75,94
SO20260527,Mahasiswa_527,Teknik Informatika,Sistem Operasi,70,95,76,95
SO20260528,Mahasiswa_528,Teknik Informatika,Sistem Operasi,71,96,77,96
SO20260529,Mahasiswa_529,Teknik Informatika,Sistem Operasi,72,97,78,97
SO20260530,Mahasiswa_530,Teknik Informatika,Sistem Operasi,73,98,79,98
SO20260531,Mahasiswa_531,Teknik Informatika,Sistem Operasi,74,99,80,99
SO20260532,Mahasiswa_532,Teknik Informatika,Sistem Operasi,75,100,81,100
SO20260533,Mahasiswa_533,Teknik Informatika,Sistem Operasi,76,60,82,60
SO20260534,Mahasiswa_534,Teknik Informatika,Sistem Operasi,77,61,83,61
SO20260535,Mahasiswa_535,Teknik Informatika,Sistem Operasi,78,62,84,62
SO20260536,Mahasiswa_536,Teknik Informatika,Sistem Operasi,79,63,85,63
SO20260537,Mahasiswa_537,Teknik Informatika,Sistem Operasi,80,64,86,64
SO20260538,Mahasiswa_538,Teknik Informatika,Sistem Operasi,81,65,87,65
SO20260539,Mahasiswa_539,Teknik Informatika,Sistem Operasi,82,66,88,66
SO20260540,Mahasiswa_540,Teknik Informatika,Sistem Operasi,83,67,89,67
SO20260541,Mahasiswa_541,Teknik Informatika,Sistem Operasi,84,68,90,68
SO20260542,Mahasiswa_542,Teknik Informatika,Sistem Operasi,85,69,91,69
SO20260543,Mahasiswa_543,Teknik Informatika,Sistem Operasi,86,70,92,70
SO20260544,Mahasiswa_544,Teknik Informatika,Sistem Operasi,87,71,93,71
SO20260545,Mahasiswa_545,Teknik Informatika,Sistem Operasi,88,72,94,72
SO20260546,Mahasiswa_546,Teknik Informatika,Sistem Operasi,89,73,95,73
SO20260547,Mahasiswa_547,Teknik Informatika,Sistem Operasi,90,74,96,74
SO20260548,Mahasiswa_548,Teknik Informatika,Sistem Operasi,91,75,97,75
SO20260549,Mahasiswa_549,Teknik Informatika,Sistem Operasi,92,76,98,76
SO20260550,Mahasiswa_550,Teknik Informatika,Sistem Operasi,93,77,99,77
SO20260551,Mahasiswa_551,Teknik Informatika,Sistem Operasi,94,78,100,78
SO20260552,Mahasiswa_552,Teknik Informatika,Sistem Operasi,95,79,55,79
SO20260553,Mahasiswa_553,Teknik Informatika,Sistem Operasi,96,80,56,80
SO20260554,Mahasiswa_554,Teknik Informatika,Sistem Operasi,97,81,57,81
SO20260555,Mahasiswa_555,Teknik Informatika,Sistem Operasi,98,82,58,82
SO20260556,Mahasiswa_556,Teknik Informatika,Sistem Operasi,99,83,59,83
SO20260557,Mahasiswa_557,Teknik Informatika,Sistem Operasi,100,84,60,84
SO20260558,Mahasiswa_558,Teknik Informatika,Sistem Operasi,70,85,61,85
SO20260559,Mahasiswa_559,Teknik Informatika,Sistem Operasi,71,86,62,86
SO20260560,Mahasiswa_560,Teknik Informatika,Sistem Operasi,72,87,63,87
SO20260561,Mahasiswa_561,Teknik Informatika,Sistem Operasi,73,88,64,88
SO20260562,Mahasiswa_562,Teknik Informatika,Sistem Operasi,74,89,65,89
SO20260563,Mahasiswa_563,Teknik Informatika,Sistem Operasi,75,90,66,90
SO20260564,Mahasiswa_564,Teknik Informatika,Sistem Operasi,76,91,67,91
SO20260565,Mahasiswa_565,Teknik Informatika,Sistem Operasi,77,92,68,92
SO20260566,Mahasiswa_566,Teknik Informatika,Sistem Operasi,78,93,69,93
SO20260567,Mahasiswa_567,Teknik Informatika,Sistem Operasi,79,94,70,94
SO20260568,Mahasiswa_568,Teknik Informatika,Sistem Operasi,80,95,71,95
SO20260569,Mahasiswa_569,Teknik Informatika,Sistem Operasi,81,96,72,96
SO20260570,Mahasiswa_570,Teknik Informatika,Sistem Operasi,82,97,73,97
SO20260571,Mahasiswa_571,Teknik Informatika,Sistem Operasi,83,98,74,98
SO20260572,Mahasiswa_572,Teknik Informatika,Sistem Operasi,84,99,75,99
SO20260573,Mahasiswa_573,Teknik Informatika,Sistem Operasi,85,100,76,100
SO20260574,Mahasiswa_574,Teknik Informatika,Sistem Operasi,86,60,77,60
SO20260575,Mahasiswa_575,Teknik Informatika,Sistem Operasi,87,61,78,61
SO20260576,Mahasiswa_576,Teknik Informatika,Sistem Operasi,88,62,79,62
SO20260577,Mahasiswa_577,Teknik Informatika,Sistem Operasi,89,63,80,63
SO20260578,Mahasiswa_578,Teknik Informatika,Sistem Operasi,90,64,81,64
SO20260579,Mahasiswa_579,Teknik Informatika,Sistem Operasi,91,65,82,65
SO20260580,Mahasiswa_580,Teknik Informatika,Sistem Operasi,92,66,83,66
SO20260581,Mahasiswa_581,Teknik Informatika,Sistem Operasi,93,67,84,67
SO20260582,Mahasiswa_582,Teknik Informatika,Sistem Operasi,94,68,85,68
SO20260583,Mahasiswa_583,Teknik Informatika,Sistem Operasi,95,69,86,69
SO20260584,Mahasiswa_584,Teknik Informatika,Sistem Operasi,96,70,87,70
SO20260585,Mahasiswa_585,Teknik Informatika,Sistem Operasi,97,71,88,71
SO20260586,Mahasiswa_586,Teknik Informatika,Sistem Operasi,98,72,89,72
SO20260587,Mahasiswa_587,Teknik Informatika,Sistem Operasi,99,73,90,73
SO20260588,Mahasiswa_588,Teknik Informatika,Sistem Operasi,100,74,91,74
SO20260589,Mahasiswa_589,Teknik Informatika,Sistem Operasi,70,75,92,75
SO20260590,Mahasiswa_590,Teknik Informatika,Sistem Operasi,71,76,93,76
SO20260591,Mahasiswa_591,Teknik Informatika,Sistem Operasi,72,77,94,77
SO20260592,Mahasiswa_592,Teknik Informatika,Sistem Operasi,73,78,95,78
SO20260593,Mahasiswa_593,Teknik Informatika,Sistem Operasi,74,79,96,79
SO20260594,Mahasiswa_594,Teknik Informatika,Sistem Operasi,75,80,97,80
SO20260595,Mahasiswa_595,Teknik Informatika,Sistem Operasi,76,81,98,81
SO20260596,Mahasiswa_596,Teknik Informatika,Sistem Operasi,77,82,99,82
SO20260597,Mahasiswa_597,Teknik Informatika,Sistem Operasi,78,83,100,83
SO20260598,Mahasiswa_598,Teknik Informatika,Sistem Operasi,79,84,55,84
SO20260599,Mahasiswa_599,Teknik Informatika,Sistem Operasi,80,85,56,85
SO20260600,Mahasiswa_600,Teknik Informatika,Sistem Operasi,81,86,57,86
SO20260601,Mahasiswa_601,Teknik Informatika,Sistem Operasi,82,87,58,87
SO20260602,Mahasiswa_602,Teknik Informatika,Sistem Operasi,83,88,59,88
SO20260603,Mahasiswa_603,Teknik Informatika,Sistem Operasi,84,89,60,89
SO20260604,Mahasiswa_604,Teknik Informatika,Sistem Operasi,85,90,61,90
SO20260605,Mahasiswa_605,Teknik Informatika,Sistem Operasi,86,91,62,91
SO20260606,Mahasiswa_606,Teknik Informatika,Sistem Operasi,87,92,63,92
SO20260607,Mahasiswa_607,Teknik Informatika,Sistem Operasi,88,93,64,93
SO20260608,Mahasiswa_608,Teknik Informatika,Sistem Operasi,89,94,65,94
SO20260609,Mahasiswa_609,Teknik Informatika,Sistem Operasi,90,95,66,95
SO20260610,Mahasiswa_610,Teknik Informatika,Sistem Operasi,91,96,67,96
SO20260611,Mahasiswa_611,Teknik Informatika,Sistem Operasi,92,97,68,97
SO20260612,Mahasiswa_612,Teknik Informatika,Sistem Operasi,93,98,69,98
SO20260613,Mahasiswa_613,Teknik Informatika,Sistem Operasi,94,99,70,99
SO20260614,Mahasiswa_614,Teknik Informatika,Sistem Operasi,95,100,71,100
SO20260615,Mahasiswa_615,Teknik Informatika,Sistem Operasi,96,60,72,60
SO20260616,Mahasiswa_616,Teknik Informatika,Sistem Operasi,97,61,73,61
SO20260617,Mahasiswa_617,Teknik Informatika,Sistem Operasi,98,62,74,62
SO20260618,Mahasiswa_618,Teknik Informatika,Sistem Operasi,99,63,75,63
SO20260619,Mahasiswa_619,Teknik Informatika,Sistem Operasi,100,64,76,64
SO20260620,Mahasiswa_620,Teknik Informatika,Sistem Operasi,70,65,77,65
SO20260621,Mahasiswa_621,Teknik Informatika,Sistem Operasi,71,66,78,66
SO20260622,Mahasiswa_622,Teknik Informatika,Sistem Operasi,72,67,79,67
SO20260623,Mahasiswa_623,Teknik Informatika,Sistem Operasi,73,68,80,68
SO20260624,Mahasiswa_624,Teknik Informatika,Sistem Operasi,74,69,81,69
SO20260625,Mahasiswa_625,Teknik Informatika,Sistem Operasi,75,70,82,70
SO20260626,Mahasiswa_626,Teknik Informatika,Sistem Operasi,76,71,83,71
SO20260627,Mahasiswa_627,Teknik Informatika,Sistem Operasi,77,72,84,72
SO20260628,Mahasiswa_628,Teknik Informatika,Sistem Operasi,78,73,85,73
SO20260629,Mahasiswa_629,Teknik Informatika,Sistem Operasi,79,74,86,74
SO20260630,Mahasiswa_630,Teknik Informatika,Sistem Operasi,80,75,87,75
SO20260631,Mahasiswa_631,Teknik Informatika,Sistem Operasi,81,76,88,76
SO20260632,Mahasiswa_632,Teknik Informatika,Sistem Operasi,82,77,89,77
SO20260633,Mahasiswa_633,Teknik Informatika,Sistem Operasi,83,78,90,78
SO20260634,Mahasiswa_634,Teknik Informatika,Sistem Operasi,84,79,91,79
SO20260635,Mahasiswa_635,Teknik Informatika,Sistem Operasi,85,80,92,80
SO20260636,Mahasiswa_636,Teknik Informatika,Sistem Operasi,86,81,93,81
SO20260637,Mahasiswa_637,Teknik Informatika,Sistem Operasi,87,82,94,82
SO20260638,Mahasiswa_638,Teknik Informatika,Sistem Operasi,88,83,95,83
SO20260639,Mahasiswa_639,Teknik Informatika,Sistem Operasi,89,84,96,84
SO20260640,Mahasiswa_640,Teknik Informatika,Sistem Operasi,90,85,97,85
SO20260641,Mahasiswa_641,Teknik Informatika,Sistem Operasi,91,86,98,86
SO20260642,Mahasiswa_642,Teknik Informatika,Sistem Operasi,92,87,99,87
SO20260643,Mahasiswa_643,Teknik Informatika,Sistem Operasi,93,88,100,88
SO20260644,Mahasiswa_644,Teknik Informatika,Sistem Operasi,94,89,55,89
SO20260645,Mahasiswa_645,Teknik Informatika,Sistem Operasi,95,90,56,90
SO20260646,Mahasiswa_646,Teknik Informatika,Sistem Operasi,96,91,57,91
SO20260647,Mahasiswa_647,Teknik Informatika,Sistem Operasi,97,92,58,92
SO20260648,Mahasiswa_648,Teknik Informatika,Sistem Operasi,98,93,59,93
SO20260649,Mahasiswa_649,Teknik Informatika,Sistem Operasi,99,94,60,94
SO20260650,Mahasiswa_650,Teknik Informatika,Sistem Operasi,100,95,61,95
SO20260651,Mahasiswa_651,Teknik Informatika,Sistem Operasi,70,96,62,96
SO20260652,Mahasiswa_652,Teknik Informatika,Sistem Operasi,71,97,63,97
SO20260653,Mahasiswa_653,Teknik Informatika,Sistem Operasi,72,98,64,98
SO20260654,Mahasiswa_654,Teknik Informatika,Sistem Operasi,73,99,65,99
SO20260655,Mahasiswa_655,Teknik Informatika,Sistem Operasi,74,100,66,100
SO20260656,Mahasiswa_656,Teknik Informatika,Sistem Operasi,75,60,67,60
SO20260657,Mahasiswa_657,Teknik Informatika,Sistem Operasi,76,61,68,61
SO20260658,Mahasiswa_658,Teknik Informatika,Sistem Operasi,77,62,69,62
SO20260659,Mahasiswa_659,Teknik Informatika,Sistem Operasi,78,63,70,63
SO20260660,Mahasiswa_660,Teknik Informatika,Sistem Operasi,79,64,71,64
SO20260661,Mahasiswa_661,Teknik Informatika,Sistem Operasi,80,65,72,65
SO20260662,Mahasiswa_662,Teknik Informatika,Sistem Operasi,81,66,73,66
SO20260663,Mahasiswa_663,Teknik Informatika,Sistem Operasi,82,67,74,67
SO20260664,Mahasiswa_664,Teknik Informatika,Sistem Operasi,83,68,75,68
SO20260665,Mahasiswa_665,Teknik Informatika,Sistem Operasi,84,69,76,69
SO20260666,Mahasiswa_666,Teknik Informatika,Sistem Operasi,85,70,77,70
SO20260667,Mahasiswa_667,Teknik Informatika,Sistem Operasi,86,71,78,71
SO20260668,Mahasiswa_668,Teknik Informatika,Sistem Operasi,87,72,79,72
SO20260669,Mahasiswa_669,Teknik Informatika,Sistem Operasi,88,73,80,73
SO20260670,Mahasiswa_670,Teknik Informatika,Sistem Operasi,89,74,81,74
SO20260671,Mahasiswa_671,Teknik Informatika,Sistem Operasi,90,75,82,75
SO20260672,Mahasiswa_672,Teknik Informatika,Sistem Operasi,91,76,83,76
SO20260673,Mahasiswa_673,Teknik Informatika,Sistem Operasi,92,77,84,77
SO20260674,Mahasiswa_674,Teknik Informatika,Sistem Operasi,93,78,85,78
SO20260675,Mahasiswa_675,Teknik Informatika,Sistem Operasi,94,79,86,79
SO20260676,Mahasiswa_676,Teknik Informatika,Sistem Operasi,95,80,87,80
SO20260677,Mahasiswa_677,Teknik Informatika,Sistem Operasi,96,81,88,81
SO20260678,Mahasiswa_678,Teknik Informatika,Sistem Operasi,97,82,89,82
SO20260679,Mahasiswa_679,Teknik Informatika,Sistem Operasi,98,83,90,83
SO20260680,Mahasiswa_680,Teknik Informatika,Sistem Operasi,99,84,91,84
SO20260681,Mahasiswa_681,Teknik Informatika,Sistem Operasi,100,85,92,85
SO20260682,Mahasiswa_682,Teknik Informatika,Sistem Operasi,70,86,93,86
SO20260683,Mahasiswa_683,Teknik Informatika,Sistem Operasi,71,87,94,87
SO20260684,Mahasiswa_684,Teknik Informatika,Sistem Operasi,72,88,95,88
SO20260685,Mahasiswa_685,Teknik Informatika,Sistem Operasi,73,89,96,89
SO20260686,Mahasiswa_686,Teknik Informatika,Sistem Operasi,74,90,97,90
SO20260687,Mahasiswa_687,Teknik Informatika,Sistem Operasi,75,91,98,91
SO20260688,Mahasiswa_688,Teknik Informatika,Sistem Operasi,76,92,99,92
SO20260689,Mahasiswa_689,Teknik Informatika,Sistem Operasi,77,93,100,93
SO20260690,Mahasiswa_690,Teknik Informatika,Sistem Operasi,78,94,55,94
SO20260691,Mahasiswa_691,Teknik Informatika,Sistem Operasi,79,95,56,95
SO20260692,Mahasiswa_692,Teknik Informatika,Sistem Operasi,80,96,57,96
SO20260693,Mahasiswa_693,Teknik Informatika,Sistem Operasi,81,97,58,97
SO20260694,Mahasiswa_694,Teknik Informatika,Sistem Operasi,82,98,59,98
SO20260695,Mahasiswa_695,Teknik Informatika,Sistem Operasi,83,99,60,99
SO20260696,Mahasiswa_696,Teknik Informatika,Sistem Operasi,84,100,61,100
SO20260697,Mahasiswa_697,Teknik Informatika,Sistem Operasi,85,60,62,60
SO20260698,Mahasiswa_698,Teknik Informatika,Sistem Operasi,86,61,63,61
SO20260699,Mahasiswa_699,Teknik Informatika,Sistem Operasi,87,62,64,62
SO20260700,Mahasiswa_700,Teknik Informatika,Sistem Operasi,88,63,65,63
SO20260701,Mahasiswa_701,Teknik Informatika,Sistem Operasi,89,64,66,64
SO20260702,Mahasiswa_702,Teknik Informatika,Sistem Operasi,90,65,67,65
SO20260703,Mahasiswa_703,Teknik Informatika,Sistem Operasi,91,66,68,66
SO20260704,Mahasiswa_704,Teknik Informatika,Sistem Operasi,92,67,69,67
SO20260705,Mahasiswa_705,Teknik Informatika,Sistem Operasi,93,68,70,68
SO20260706,Mahasiswa_706,Teknik Informatika,Sistem Operasi,94,69,71,69
SO20260707,Mahasiswa_707,Teknik Informatika,Sistem Operasi,95,70,72,70
SO20260708,Mahasiswa_708,Teknik Informatika,Sistem Operasi,96,71,73,71
SO20260709,Mahasiswa_709,Teknik Informatika,Sistem Operasi,97,72,74,72
SO20260710,Mahasiswa_710,Teknik Informatika,Sistem Operasi,98,73,75,73
SO20260711,Mahasiswa_711,Teknik Informatika,Sistem Operasi,99,74,76,74
SO20260712,Mahasiswa_712,Teknik Informatika,Sistem Operasi,100,75,77,75
SO20260713,Mahasiswa_713,Teknik Informatika,Sistem Operasi,70,76,78,76
SO20260714,Mahasiswa_714,Teknik Informatika,Sistem Operasi,71,77,79,77
SO20260715,Mahasiswa_715,Teknik Informatika,Sistem Operasi,72,78,80,78
SO20260716,Mahasiswa_716,Teknik Informatika,Sistem Operasi,73,79,81,79
SO20260717,Mahasiswa_717,Teknik Informatika,Sistem Operasi,74,80,82,80
SO20260718,Mahasiswa_718,Teknik Informatika,Sistem Operasi,75,81,83,81
SO20260719,Mahasiswa_719,Teknik Informatika,Sistem Operasi,76,82,84,82
SO20260720,Mahasiswa_720,Teknik Informatika,Sistem Operasi,77,83,85,83
SO20260721,Mahasiswa_721,Teknik Informatika,Sistem Operasi,78,84,86,84
SO20260722,Mahasiswa_722,Teknik Informatika,Sistem Operasi,79,85,87,85
SO20260723,Mahasiswa_723,Teknik Informatika,Sistem Operasi,80,86,88,86
SO20260724,Mahasiswa_724,Teknik Informatika,Sistem Operasi,81,87,89,87
SO20260725,Mahasiswa_725,Teknik Informatika,Sistem Operasi,82,88,90,88
SO20260726,Mahasiswa_726,Teknik Informatika,Sistem Operasi,83,89,91,89
SO20260727,Mahasiswa_727,Teknik Informatika,Sistem Operasi,84,90,92,90
SO20260728,Mahasiswa_728,Teknik Informatika,Sistem Operasi,85,91,93,91
SO20260729,Mahasiswa_729,Teknik Informatika,Sistem Operasi,86,92,94,92
SO20260730,Mahasiswa_730,Teknik Informatika,Sistem Operasi,87,93,95,93
SO20260731,Mahasiswa_731,Teknik Informatika,Sistem Operasi,88,94,96,94
SO20260732,Mahasiswa_732,Teknik Informatika,Sistem Operasi,89,95,97,95
SO20260733,Mahasiswa_733,Teknik Informatika,Sistem Operasi,90,96,98,96
SO20260734,Mahasiswa_734,Teknik Informatika,Sistem Operasi,91,97,99,97
SO20260735,Mahasiswa_735,Teknik Informatika,Sistem Operasi,92,98,100,98
SO20260736,Mahasiswa_736,Teknik Informatika,Sistem Operasi,93,99,55,99
SO20260737,Mahasiswa_737,Teknik Informatika,Sistem Operasi,94,100,56,100
SO20260738,Mahasiswa_738,Teknik Informatika,Sistem Operasi,95,60,57,60
SO20260739,Mahasiswa_739,Teknik Informatika,Sistem Operasi,96,61,58,61
SO20260740,Mahasiswa_740,Teknik Informatika,Sistem Operasi,97,62,59,62
SO20260741,Mahasiswa_741,Teknik Informatika,Sistem Operasi,98,63,60,63
SO20260742,Mahasiswa_742,Teknik Informatika,Sistem Operasi,99,64,61,64
SO20260743,Mahasiswa_743,Teknik Informatika,Sistem Operasi,100,65,62,65
SO20260744,Mahasiswa_744,Teknik Informatika,Sistem Operasi,70,66,63,66
SO20260745,Mahasiswa_745,Teknik Informatika,Sistem Operasi,71,67,64,67
SO20260746,Mahasiswa_746,Teknik Informatika,Sistem Operasi,72,68,65,68
SO20260747,Mahasiswa_747,Teknik Informatika,Sistem Operasi,73,69,66,69
SO20260748,Mahasiswa_748,Teknik Informatika,Sistem Operasi,74,70,67,70
SO20260749,Mahasiswa_749,Teknik Informatika,Sistem Operasi,75,71,68,71
SO20260750,Mahasiswa_750,Teknik Informatika,Sistem Operasi,76,72,69,72
SO20260751,Mahasiswa_751,Teknik Informatika,Sistem Operasi,77,73,70,73
SO20260752,Mahasiswa_752,Teknik Informatika,Sistem Operasi,78,74,71,74
SO20260753,Mahasiswa_753,Teknik Informatika,Sistem Operasi,79,75,72,75
SO20260754,Mahasiswa_754,Teknik Informatika,Sistem Operasi,80,76,73,76
SO20260755,Mahasiswa_755,Teknik Informatika,Sistem Operasi,81,77,74,77
SO20260756,Mahasiswa_756,Teknik Informatika,Sistem Operasi,82,78,75,78
SO20260757,Mahasiswa_757,Teknik Informatika,Sistem Operasi,83,79,76,79
SO20260758,Mahasiswa_758,Teknik Informatika,Sistem Operasi,84,80,77,80
SO20260759,Mahasiswa_759,Teknik Informatika,Sistem Operasi,85,81,78,81
SO20260760,Mahasiswa_760,Teknik Informatika,Sistem Operasi,86,82,79,82
SO20260761,Mahasiswa_761,Teknik Informatika,Sistem Operasi,87,83,80,83
SO20260762,Mahasiswa_762,Teknik Informatika,Sistem Operasi,88,84,81,84
SO20260763,Mahasiswa_763,Teknik Informatika,Sistem Operasi,89,85,82,85
SO20260764,Mahasiswa_764,Teknik Informatika,Sistem Operasi,90,86,83,86
SO20260765,Mahasiswa_765,Teknik Informatika,Sistem Operasi,91,87,84,87
SO20260766,Mahasiswa_766,Teknik Informatika,Sistem Operasi,92,88,85,88
SO20260767,Mahasiswa_767,Teknik Informatika,Sistem Operasi,93,89,86,89
SO20260768,Mahasiswa_768,Teknik Informatika,Sistem Operasi,94,90,87,90
SO20260769,Mahasiswa_769,Teknik Informatika,Sistem Operasi,95,91,88,91
SO20260770,Mahasiswa_770,Teknik Informatika,Sistem Operasi,96,92,89,92
SO20260771,Mahasiswa_771,Teknik Informatika,Sistem Operasi,97,93,90,93
SO20260772,Mahasiswa_772,Teknik Informatika,Sistem Operasi,98,94,91,94
SO20260773,Mahasiswa_773,Teknik Informatika,Sistem Operasi,99,95,92,95
SO20260774,Mahasiswa_774,Teknik Informatika,Sistem Operasi,100,96,93,96
SO20260775,Mahasiswa_775,Teknik Informatika,Sistem Operasi,70,97,94,97
SO20260776,Mahasiswa_776,Teknik Informatika,Sistem Operasi,71,98,95,98
SO20260777,Mahasiswa_777,Teknik Informatika,Sistem Operasi,72,99,96,99
SO20260778,Mahasiswa_778,Teknik Informatika,Sistem Operasi,73,100,97,100
SO20260779,Mahasiswa_779,Teknik Informatika,Sistem Operasi,74,60,98,60
SO20260780,Mahasiswa_780,Teknik Informatika,Sistem Operasi,75,61,99,61
SO20260781,Mahasiswa_781,Teknik Informatika,Sistem Operasi,76,62,100,62
SO20260782,Mahasiswa_782,Teknik Informatika,Sistem Operasi,77,63,55,63
SO20260783,Mahasiswa_783,Teknik Informatika,Sistem Operasi,78,64,56,64
SO20260784,Mahasiswa_784,Teknik Informatika,Sistem Operasi,79,65,57,65
SO20260785,Mahasiswa_785,Teknik Informatika,Sistem Operasi,80,66,58,66
SO20260786,Mahasiswa_786,Teknik Informatika,Sistem Operasi,81,67,59,67
SO20260787,Mahasiswa_787,Teknik Informatika,Sistem Operasi,82,68,60,68
SO20260788,Mahasiswa_788,Teknik Informatika,Sistem Operasi,83,69,61,69
SO20260789,Mahasiswa_789,Teknik Informatika,Sistem Operasi,84,70,62,70
SO20260790,Mahasiswa_790,Teknik Informatika,Sistem Operasi,85,71,63,71
SO20260791,Mahasiswa_791,Teknik Informatika,Sistem Operasi,86,72,64,72
SO20260792,Mahasiswa_792,Teknik Informatika,Sistem Operasi,87,73,65,73
SO20260793,Mahasiswa_793,Teknik Informatika,Sistem Operasi,88,74,66,74
SO20260794,Mahasiswa_794,Teknik Informatika,Sistem Operasi,89,75,67,75
SO20260795,Mahasiswa_795,Teknik Informatika,Sistem Operasi,90,76,68,76
SO20260796,Mahasiswa_796,Teknik Informatika,Sistem Operasi,91,77,69,77
SO20260797,Mahasiswa_797,Teknik Informatika,Sistem Operasi,92,78,70,78
SO20260798,Mahasiswa_798,Teknik Informatika,Sistem Operasi,93,79,71,79
SO20260799,Mahasiswa_799,Teknik Informatika,Sistem Operasi,94,80,72,80
SO20260800,Mahasiswa_800,Teknik Informatika,Sistem Operasi,95,81,73,81
SO20260801,Mahasiswa_801,Teknik Informatika,Sistem Operasi,96,82,74,82
SO20260802,Mahasiswa_802,Teknik Informatika,Sistem Operasi,97,83,75,83
SO20260803,Mahasiswa_803,Teknik Informatika,Sistem Operasi,98,84,76,84
SO20260804,Mahasiswa_804,Teknik Informatika,Sistem Operasi,99,85,77,85
SO20260805,Mahasiswa_805,Teknik Informatika,Sistem Operasi,100,86,78,86
SO20260806,Mahasiswa_806,Teknik Informatika,Sistem Operasi,70,87,79,87
SO20260807,Mahasiswa_807,Teknik Informatika,Sistem Operasi,71,88,80,88
SO20260808,Mahasiswa_808,Teknik Informatika,Sistem Operasi,72,89,81,89
SO20260809,Mahasiswa_809,Teknik Informatika,Sistem Operasi,73,90,82,90
SO20260810,Mahasiswa_810,Teknik Informatika,Sistem Operasi,74,91,83,91
SO20260811,Mahasiswa_811,Teknik Informatika,Sistem Operasi,75,92,84,92
SO20260812,Mahasiswa_812,Teknik Informatika,Sistem Operasi,76,93,85,93
SO20260813,Mahasiswa_813,Teknik Informatika,Sistem Operasi,77,94,86,94
SO20260814,Mahasiswa_814,Teknik Informatika,Sistem Operasi,78,95,87,95
SO20260815,Mahasiswa_815,Teknik Informatika,Sistem Operasi,79,96,88,96
SO20260816,Mahasiswa_816,Teknik Informatika,Sistem Operasi,80,97,89,97
SO20260817,Mahasiswa_817,Teknik Informatika,Sistem Operasi,81,98,90,98
SO20260818,Mahasiswa_818,Teknik Informatika,Sistem Operasi,82,99,91,99
SO20260819,Mahasiswa_819,Teknik Informatika,Sistem Operasi,83,100,92,100
SO20260820,Mahasiswa_820,Teknik Informatika,Sistem Operasi,84,60,93,60
SO20260821,Mahasiswa_821,Teknik Informatika,Sistem Operasi,85,61,94,61
SO20260822,Mahasiswa_822,Teknik Informatika,Sistem Operasi,86,62,95,62
SO20260823,Mahasiswa_823,Teknik Informatika,Sistem Operasi,87,63,96,63
SO20260824,Mahasiswa_824,Teknik Informatika,Sistem Operasi,88,64,97,64
SO20260825,Mahasiswa_825,Teknik Informatika,Sistem Operasi,89,65,98,65
SO20260826,Mahasiswa_826,Teknik Informatika,Sistem Operasi,90,66,99,66
SO20260827,Mahasiswa_827,Teknik Informatika,Sistem Operasi,91,67,100,67
SO20260828,Mahasiswa_828,Teknik Informatika,Sistem Operasi,92,68,55,68
SO20260829,Mahasiswa_829,Teknik Informatika,Sistem Operasi,93,69,56,69
SO20260830,Mahasiswa_830,Teknik Informatika,Sistem Operasi,94,70,57,70
SO20260831,Mahasiswa_831,Teknik Informatika,Sistem Operasi,95,71,58,71
SO20260832,Mahasiswa_832,Teknik Informatika,Sistem Operasi,96,72,59,72
SO20260833,Mahasiswa_833,Teknik Informatika,Sistem Operasi,97,73,60,73
SO20260834,Mahasiswa_834,Teknik Informatika,Sistem Operasi,98,74,61,74
SO20260835,Mahasiswa_835,Teknik Informatika,Sistem Operasi,99,75,62,75
SO20260836,Mahasiswa_836,Teknik Informatika,Sistem Operasi,100,76,63,76
SO20260837,Mahasiswa_837,Teknik Informatika,Sistem Operasi,70,77,64,77
SO20260838,Mahasiswa_838,Teknik Informatika,Sistem Operasi,71,78,65,78
SO20260839,Mahasiswa_839,Teknik Informatika,Sistem Operasi,72,79,66,79
SO20260840,Mahasiswa_840,Teknik Informatika,Sistem Operasi,73,80,67,80
SO20260841,Mahasiswa_841,Teknik Informatika,Sistem Operasi,74,81,68,81
SO20260842,Mahasiswa_842,Teknik Informatika,Sistem Operasi,75,82,69,82
SO20260843,Mahasiswa_843,Teknik Informatika,Sistem Operasi,76,83,70,83
SO20260844,Mahasiswa_844,Teknik Informatika,Sistem Operasi,77,84,71,84
SO20260845,Mahasiswa_845,Teknik Informatika,Sistem Operasi,78,85,72,85
SO20260846,Mahasiswa_846,Teknik Informatika,Sistem Operasi,79,86,73,86
SO20260847,Mahasiswa_847,Teknik Informatika,Sistem Operasi,80,87,74,87
SO20260848,Mahasiswa_848,Teknik Informatika,Sistem Operasi,81,88,75,88
SO20260849,Mahasiswa_849,Teknik Informatika,Sistem Operasi,82,89,76,89
SO20260850,Mahasiswa_850,Teknik Informatika,Sistem Operasi,83,90,77,90
SO20260851,Mahasiswa_851,Teknik Informatika,Sistem Operasi,84,91,78,91
SO20260852,Mahasiswa_852,Teknik Informatika,Sistem Operasi,85,92,79,92
SO20260853,Mahasiswa_853,Teknik Informatika,Sistem Operasi,86,93,80,93
SO20260854,Mahasiswa_854,Teknik Informatika,Sistem Operasi,87,94,81,94
SO20260855,Mahasiswa_855,Teknik Informatika,Sistem Operasi,88,95,82,95
SO20260856,Mahasiswa_856,Teknik Informatika,Sistem Operasi,89,96,83,96
SO20260857,Mahasiswa_857,Teknik Informatika,Sistem Operasi,90,97,84,97
SO20260858,Mahasiswa_858,Teknik Informatika,Sistem Operasi,91,98,85,98
SO20260859,Mahasiswa_859,Teknik Informatika,Sistem Operasi,92,99,86,99
SO20260860,Mahasiswa_860,Teknik Informatika,Sistem Operasi,93,100,87,100
SO20260861,Mahasiswa_861,Teknik Informatika,Sistem Operasi,94,60,88,60
SO20260862,Mahasiswa_862,Teknik Informatika,Sistem Operasi,95,61,89,61
SO20260863,Mahasiswa_863,Teknik Informatika,Sistem Operasi,96,62,90,62
SO20260864,Mahasiswa_864,Teknik Informatika,Sistem Operasi,97,63,91,63
SO20260865,Mahasiswa_865,Teknik Informatika,Sistem Operasi,98,64,92,64
SO20260866,Mahasiswa_866,Teknik Informatika,Sistem Operasi,99,65,93,65
SO20260867,Mahasiswa_867,Teknik Informatika,Sistem Operasi,100,66,94,66
SO20260868,Mahasiswa_868,Teknik Informatika,Sistem Operasi,70,67,95,67
SO20260869,Mahasiswa_869,Teknik Informatika,Sistem Operasi,71,68,96,68
SO20260870,Mahasiswa_870,Teknik Informatika,Sistem Operasi,72,69,97,69
SO20260871,Mahasiswa_871,Teknik Informatika,Sistem Operasi,73,70,98,70
SO20260872,Mahasiswa_872,Teknik Informatika,Sistem Operasi,74,71,99,71
SO20260873,Mahasiswa_873,Teknik Informatika,Sistem Operasi,75,72,100,72
SO20260874,Mahasiswa_874,Teknik Informatika,Sistem Operasi,76,73,55,73
SO20260875,Mahasiswa_875,Teknik Informatika,Sistem Operasi,77,74,56,74
SO20260876,Mahasiswa_876,Teknik Informatika,Sistem Operasi,78,75,57,75
SO20260877,Mahasiswa_877,Teknik Informatika,Sistem Operasi,79,76,58,76
SO20260878,Mahasiswa_878,Teknik Informatika,Sistem Operasi,80,77,59,77
SO20260879,Mahasiswa_879,Teknik Informatika,Sistem Operasi,81,78,60,78
SO20260880,Mahasiswa_880,Teknik Informatika,Sistem Operasi,82,79,61,79
SO20260881,Mahasiswa_881,Teknik Informatika,Sistem Operasi,83,80,62,80
SO20260882,Mahasiswa_882,Teknik Informatika,Sistem Operasi,84,81,63,81
SO20260883,Mahasiswa_883,Teknik Informatika,Sistem Operasi,85,82,64,82
SO20260884,Mahasiswa_884,Teknik Informatika,Sistem Operasi,86,83,65,83
SO20260885,Mahasiswa_885,Teknik Informatika,Sistem Operasi,87,84,66,84
SO20260886,Mahasiswa_886,Teknik Informatika,Sistem Operasi,88,85,67,85
SO20260887,Mahasiswa_887,Teknik Informatika,Sistem Operasi,89,86,68,86
SO20260888,Mahasiswa_888,Teknik Informatika,Sistem Operasi,90,87,69,87
SO20260889,Mahasiswa_889,Teknik Informatika,Sistem Operasi,91,88,70,88
SO20260890,Mahasiswa_890,Teknik Informatika,Sistem Operasi,92,89,71,89
SO20260891,Mahasiswa_891,Teknik Informatika,Sistem Operasi,93,90,72,90
SO20260892,Mahasiswa_892,Teknik Informatika,Sistem Operasi,94,91,73,91
SO20260893,Mahasiswa_893,Teknik Informatika,Sistem Operasi,95,92,74,92
SO20260894,Mahasiswa_894,Teknik Informatika,Sistem Operasi,96,93,75,93
SO20260895,Mahasiswa_895,Teknik Informatika,Sistem Operasi,97,94,76,94
SO20260896,Mahasiswa_896,Teknik Informatika,Sistem Operasi,98,95,77,95
SO20260897,Mahasiswa_897,Teknik Informatika,Sistem Operasi,99,96,78,96
SO20260898,Mahasiswa_898,Teknik Informatika,Sistem Operasi,100,97,79,97
SO20260899,Mahasiswa_899,Teknik Informatika,Sistem Operasi,70,98,80,98
SO20260900,Mahasiswa_900,Teknik Informatika,Sistem Operasi,71,99,81,99
SO20260901,Mahasiswa_901,Teknik Informatika,Sistem Operasi,72,100,82,100
SO20260902,Mahasiswa_902,Teknik Informatika,Sistem Operasi,73,60,83,60
SO20260903,Mahasiswa_903,Teknik Informatika,Sistem Operasi,74,61,84,61
SO20260904,Mahasiswa_904,Teknik Informatika,Sistem Operasi,75,62,85,62
SO20260905,Mahasiswa_905,Teknik Informatika,Sistem Operasi,76,63,86,63
SO20260906,Mahasiswa_906,Teknik Informatika,Sistem Operasi,77,64,87,64
SO20260907,Mahasiswa_907,Teknik Informatika,Sistem Operasi,78,65,88,65
SO20260908,Mahasiswa_908,Teknik Informatika,Sistem Operasi,79,66,89,66
SO20260909,Mahasiswa_909,Teknik Informatika,Sistem Operasi,80,67,90,67
SO20260910,Mahasiswa_910,Teknik Informatika,Sistem Operasi,81,68,91,68
SO20260911,Mahasiswa_911,Teknik Informatika,Sistem Operasi,82,69,92,69
SO20260912,Mahasiswa_912,Teknik Informatika,Sistem Operasi,83,70,93,70
SO20260913,Mahasiswa_913,Teknik Informatika,Sistem Operasi,84,71,94,71
SO20260914,Mahasiswa_914,Teknik Informatika,Sistem Operasi,85,72,95,72
SO20260915,Mahasiswa_915,Teknik Informatika,Sistem Operasi,86,73,96,73
SO20260916,Mahasiswa_916,Teknik Informatika,Sistem Operasi,87,74,97,74
SO20260917,Mahasiswa_917,Teknik Informatika,Sistem Operasi,88,75,98,75
SO20260918,Mahasiswa_918,Teknik Informatika,Sistem Operasi,89,76,99,76
SO20260919,Mahasiswa_919,Teknik Informatika,Sistem Operasi,90,77,100,77
SO20260920,Mahasiswa_920,Teknik Informatika,Sistem Operasi,91,78,55,78
SO20260921,Mahasiswa_921,Teknik Informatika,Sistem Operasi,92,79,56,79
SO20260922,Mahasiswa_922,Teknik Informatika,Sistem Operasi,93,80,57,80
SO20260923,Mahasiswa_923,Teknik Informatika,Sistem Operasi,94,81,58,81
SO20260924,Mahasiswa_924,Teknik Informatika,Sistem Operasi,95,82,59,82
SO20260925,Mahasiswa_925,Teknik Informatika,Sistem Operasi,96,83,60,83
SO20260926,Mahasiswa_926,Teknik Informatika,Sistem Operasi,97,84,61,84
SO20260927,Mahasiswa_927,Teknik Informatika,Sistem Operasi,98,85,62,85
SO20260928,Mahasiswa_928,Teknik Informatika,Sistem Operasi,99,86,63,86
SO20260929,Mahasiswa_929,Teknik Informatika,Sistem Operasi,100,87,64,87
SO20260930,Mahasiswa_930,Teknik Informatika,Sistem Operasi,70,88,65,88
SO20260931,Mahasiswa_931,Teknik Informatika,Sistem Operasi,71,89,66,89
SO20260932,Mahasiswa_932,Teknik Informatika,Sistem Operasi,72,90,67,90
SO20260933,Mahasiswa_933,Teknik Informatika,Sistem Operasi,73,91,68,91
SO20260934,Mahasiswa_934,Teknik Informatika,Sistem Operasi,74,92,69,92
SO20260935,Mahasiswa_935,Teknik Informatika,Sistem Operasi,75,93,70,93
SO20260936,Mahasiswa_936,Teknik Informatika,Sistem Operasi,76,94,71,94
SO20260937,Mahasiswa_937,Teknik Informatika,Sistem Operasi,77,95,72,95
SO20260938,Mahasiswa_938,Teknik Informatika,Sistem Operasi,78,96,73,96
SO20260939,Mahasiswa_939,Teknik Informatika,Sistem Operasi,79,97,74,97
SO20260940,Mahasiswa_940,Teknik Informatika,Sistem Operasi,80,98,75,98
SO20260941,Mahasiswa_941,Teknik Informatika,Sistem Operasi,81,99,76,99
SO20260942,Mahasiswa_942,Teknik Informatika,Sistem Operasi,82,100,77,100
SO20260943,Mahasiswa_943,Teknik Informatika,Sistem Operasi,83,60,78,60
SO20260944,Mahasiswa_944,Teknik Informatika,Sistem Operasi,84,61,79,61
SO20260945,Mahasiswa_945,Teknik Informatika,Sistem Operasi,85,62,80,62
SO20260946,Mahasiswa_946,Teknik Informatika,Sistem Operasi,86,63,81,63
SO20260947,Mahasiswa_947,Teknik Informatika,Sistem Operasi,87,64,82,64
SO20260948,Mahasiswa_948,Teknik Informatika,Sistem Operasi,88,65,83,65
SO20260949,Mahasiswa_949,Teknik Informatika,Sistem Operasi,89,66,84,66
SO20260950,Mahasiswa_950,Teknik Informatika,Sistem Operasi,90,67,85,67
SO20260951,Mahasiswa_951,Teknik Informatika,Sistem Operasi,91,68,86,68
SO20260952,Mahasiswa_952,Teknik Informatika,Sistem Operasi,92,69,87,69
SO20260953,Mahasiswa_953,Teknik Informatika,Sistem Operasi,93,70,88,70
SO20260954,Mahasiswa_954,Teknik Informatika,Sistem Operasi,94,71,89,71
SO20260955,Mahasiswa_955,Teknik Informatika,Sistem Operasi,95,72,90,72
SO20260956,Mahasiswa_956,Teknik Informatika,Sistem Operasi,96,73,91,73
SO20260957,Mahasiswa_957,Teknik Informatika,Sistem Operasi,97,74,92,74
SO20260958,Mahasiswa_958,Teknik Informatika,Sistem Operasi,98,75,93,75
SO20260959,Mahasiswa_959,Teknik Informatika,Sistem Operasi,99,76,94,76
SO20260960,Mahasiswa_960,Teknik Informatika,Sistem Operasi,100,77,95,77
SO20260961,Mahasiswa_961,Teknik Informatika,Sistem Operasi,70,78,96,78
SO20260962,Mahasiswa_962,Teknik Informatika,Sistem Operasi,71,79,97,79
SO20260963,Mahasiswa_963,Teknik Informatika,Sistem Operasi,72,80,98,80
SO20260964,Mahasiswa_964,Teknik Informatika,Sistem Operasi,73,81,99,81
SO20260965,Mahasiswa_965,Teknik Informatika,Sistem Operasi,74,82,100,82
SO20260966,Mahasiswa_966,Teknik Informatika,Sistem Operasi,75,83,55,83
SO20260967,Mahasiswa_967,Teknik Informatika,Sistem Operasi,76,84,56,84
SO20260968,Mahasiswa_968,Teknik Informatika,Sistem Operasi,77,85,57,85
SO20260969,Mahasiswa_969,Teknik Informatika,Sistem Operasi,78,86,58,86
SO20260970,Mahasiswa_970,Teknik Informatika,Sistem Operasi,79,87,59,87
SO20260971,Mahasiswa_971,Teknik Informatika,Sistem Operasi,80,88,60,88
SO20260972,Mahasiswa_972,Teknik Informatika,Sistem Operasi,81,89,61,89
SO20260973,Mahasiswa_973,Teknik Informatika,Sistem Operasi,82,90,62,90
SO20260974,Mahasiswa_974,Teknik Informatika,Sistem Operasi,83,91,63,91
SO20260975,Mahasiswa_975,Teknik Informatika,Sistem Operasi,84,92,64,92
SO20260976,Mahasiswa_976,Teknik Informatika,Sistem Operasi,85,93,65,93
SO20260977,Mahasiswa_977,Teknik Informatika,Sistem Operasi,86,94,66,94
SO20260978,Mahasiswa_978,Teknik Informatika,Sistem Operasi,87,95,67,95
SO20260979,Mahasiswa_979,Teknik Informatika,Sistem Operasi,88,96,68,96
SO20260980,Mahasiswa_980,Teknik Informatika,Sistem Operasi,89,97,69,97
SO20260981,Mahasiswa_981,Teknik Informatika,Sistem Operasi,90,98,70,98
SO20260982,Mahasiswa_982,Teknik Informatika,Sistem Operasi,91,99,71,99
SO20260983,Mahasiswa_983,Teknik Informatika,Sistem Operasi,92,100,72,100
SO20260984,Mahasiswa_984,Teknik Informatika,Sistem Operasi,93,60,73,60
SO20260985,Mahasiswa_985,Teknik Informatika,Sistem Operasi,94,61,74,61
SO20260986,Mahasiswa_986,Teknik Informatika,Sistem Operasi,95,62,75,62
SO20260987,Mahasiswa_987,Teknik Informatika,Sistem Operasi,96,63,76,63
SO20260988,Mahasiswa_988,Teknik Informatika,Sistem Operasi,97,64,77,64
SO20260989,Mahasiswa_989,Teknik Informatika,Sistem Operasi,98,65,78,65
SO20260990,Mahasiswa_990,Teknik Informatika,Sistem Operasi,99,66,79,66
SO20260991,Mahasiswa_991,Teknik Informatika,Sistem Operasi,100,67,80,67
SO20260992,Mahasiswa_992,Teknik Informatika,Sistem Operasi,70,68,81,68
SO20260993,Mahasiswa_993,Teknik Informatika,Sistem Operasi,71,69,82,69
SO20260994,Mahasiswa_994,Teknik Informatika,Sistem Operasi,72,70,83,70
SO20260995,Mahasiswa_995,Teknik Informatika,Sistem Operasi,73,71,84,71
SO20260996,Mahasiswa_996,Teknik Informatika,Sistem Operasi,74,72,85,72
SO20260997,Mahasiswa_997,Teknik Informatika,Sistem Operasi,75,73,86,73
SO20260998,Mahasiswa_998,Teknik Informatika,Sistem Operasi,76,74,87,74
SO20260999,Mahasiswa_999,Teknik Informatika,Sistem Operasi,77,75,88,75
SO20261000,Mahasiswa_1000,Teknik Informatika,Sistem Operasi,78,76,89,76
